{"comput":{"computer":{"Example":20.157894736842106,"Example2":20.071428571428573},"computing":{"Example":0.15789473684210525}}}