{"engin":{"engineering":{"Example":0.47368421052631576,"Example3":0.625,"Example2":0.14285714285714285},"engineer":{"Example":20.157894736842106}},"comput":{"computer":{"Example":20.157894736842106,"Example2":20.071428571428573},"computing":{"Example":0.15789473684210525}},"univers":{"university":{"Example":0.15789473684210525,"Example2":0.07142857142857142},"universe":{"Example":20.157894736842106}}}