{
    "engin": {
        "Example2.html": 0.16666666666666666,
        "Example.html": 0.3076923076923077
    },
    "undergrad": {
        "Example2.html": 0.08333333333333333
    },
    "test": {
        "Example.html": 0.07692307692307693
    },
    "cairo": {
        "Example2.html": 0.08333333333333333,
        "Example.html": 0.07692307692307693
    },
    "dept": {
        "Example.html": 0.07692307692307693
    },
    "lab": {
        "Example2.html": 0.08333333333333333,
        "Example.html": 0.07692307692307693
    },
    "univers": {
        "Example2.html": 0.08333333333333333,
        "Example.html": 0.15384615384615385
    },
    "research": {
        "Example2.html": 0.08333333333333333
    },
    "home": {
        "Example2.html": 0.08333333333333333
    },
    "comput": {
        "Example2.html": 0.08333333333333333,
        "Example.html": 0.15384615384615385
    },
    "1": {
        "Example2.html": 0.08333333333333333
    },
    "dept.": {
        "Example2.html": 0.08333333333333333
    },
    "faculti": {
        "Example2.html": 0.08333333333333333,
        "Example.html": 0.07692307692307693
    }
}